<?xml version="1.0" encoding="UTF-8"?>
    <addon id="repository.airborne" name="Airborne Repo" version="1.0.1" provider-name="AnnonZerp">
        <requires>
            <import addon="xbmc.addon" version="12.0.0"/>
        </requires>
        <extension point="xbmc.addon.repository" name="Airborne Repo">
            <info compressed="false">https://raw.githubusercontent.com/AnnonZerp/Airborne/master/addons.xml</info>
            <checksum>https://raw.githubusercontent.com/AnnonZerp/Airborne/master/addons.xml.md5</checksum>
            <datadir zip="true">https://github.com/AnnonZerp/Airborne/raw/master/Downloads/</datadir>
            <hashes>false</hashes>
        </extension>
        <extension point="xbmc.addon.metadata">
            <summary>Custom skin mod/build by AnnonZerp</summary>
            <description>AnnonZerp Build Repo</description>
            <platform>all</platform>
    </extension>
</addon>