<?xml version="1.0" encoding="UTF-8" standalone="yes"?>
<addon id="plugin.video.aswizard" name="[COLOR black]..[/COLOR][COLOR red]Airborne[/COLOR]" version="8.0.5" provider-name="[COLOR red]AnnonZerp[/COLOR]">
  <requires>
    <import addon="xbmc.python" version="2.1.0"/>
  </requires>
  <extension point="xbmc.python.pluginsource" library="default.py">
        <provides>video executable</provides>
  </extension>
  <extension point="xbmc.service" library="airborne.py" start="startup" />
  <extension point="xbmc.addon.metadata">
    <summary lang="en"></summary>
    <description lang="en"></description>
    <platform>all</platform>
  </extension>
</addon>
