<?xml version="1.0" encoding="utf-8" standalone="yes"?>
<window id="1100">
	<animation effect="fade" time="1000">WindowOpen</animation>
        <animation effect="fade" time="1000">WindowClose</animation>
	
    <defaultcontrol>1</defaultcontrol>
	<zorder>2</zorder>
	<coordinates>
        <system>1</system>
        <posx>54</posx>
        <posy>50</posy>
    </coordinates>
    <controls>

        <control type="image">
            <description>Text Background</description>
            <posx>0</posx>
            <posy>0</posy>
            <width>1160</width>
            <height>615</height>
            <texture>http://airborne.esy.es/Wizard/fanart.jpg</texture>
        </control>
		
	<control type="image">
	    <description>Top Pic</description>
	    <posx>0</posx>
            <posy>0</posy>
            <width>1160</width>
            <height>150</height>
	    <texture>http://airborne.esy.es/Wizard/icon.png</texture>
	</control>
			
        <control type="label" id="100">
            <description>Caption</description>
            <posx>0</posx>
            <posy>0</posy>
            <width>1080</width>
            <height>50</height>
            <font>font13</font>
            <textcolor>FFFFFFFF</textcolor>
            <aligny>center</aligny>
            <align>center</align>
        </control>

        <control type="textbox" id="200">
            <posx>20</posx>
            <posy>150</posy>
            <width>1120</width>
            <height>410</height>
            <pagecontrol>201</pagecontrol>
            <font>font13</font>
            <textcolor>FFFFFFFF</textcolor>
        </control>

	<control type="button" id="1">
      		<description>My first button control</description>
      		<posx>950</posx>
      		<posy>565</posy>
      		<width>200</width>
      		<height>40</height>
      		<visible>true</visible>
      		<texturefocus colordiffuse="FFFFAAFF">2button-focus.png</texturefocus>
      		<texturenofocus colordiffuse="FFFFAAFF">2button_no_focus.png</texturenofocus>
      		<label>Close</label>
      		<wrapmultiline>true</wrapmultiline>
      		<font>font12</font>
      		<textcolor>FFFFFFFF</textcolor>
      		<focusedcolor>FFFFFFFF</focusedcolor>
      		<disabledcolor>80FFFFFF</disabledcolor>
      		<invalidcolor>FFFFFFFF</invalidcolor>
      		<align>center</align>
      		<aligny>center</aligny>
      		<textoffsetx></textoffsetx>
      		<textoffsety></textoffsety>
      		<pulseonselect></pulseonselect>
      		<onclick>back</onclick>
      		<onleft>2</onleft>
      		<onright>201</onright>
	</control>

    </controls>
</window>